<?xml version="1.0" encoding="UTF-8"?>
<Defs>

	
<!--  Golden Glasses  -->
<ThingDef ParentName="Mousekin_AccessoryMakeableBase">
<defName>Mousekin_MousekinGoldGlasses</defName>
<label>Mousekin Golden Glasses</label>
<description>Shiny gold frames enhance vision, adding a touch of elegance.</description>
<graphicData>
<texPath>Things/Pawn/Humanlike/Apparel/MousekinGoldGlasses/MousekinGoldGlasses</texPath>
<graphicClass>Graphic_Single</graphicClass>
</graphicData>
<costList>
<Gold>2</Gold>
</costList>
<statBases>
<MaxHitPoints>100</MaxHitPoints>
<WorkToMake>5000</WorkToMake>
<Mass>0.020</Mass>
<EquipDelay>0.3</EquipDelay>
</statBases>
<equippedStatOffsets>
<NegotiationAbility>0.05</NegotiationAbility>
<SocialImpact>0.10</SocialImpact>
<TradePriceImprovement>0.05</TradePriceImprovement>
</equippedStatOffsets>
<apparel>
<bodyPartGroups>
<li>Eyes</li>
</bodyPartGroups>
<wornGraphicPath>Things/Pawn/Humanlike/Apparel/MousekinGoldGlasses/MousekinGoldGlasses</wornGraphicPath>
<layers>
<li>EyeCover</li>
</layers>
<drawData>
<defaultData>
<layer>61</layer>
</defaultData>
</drawData>
<renderSkipFlags>
<li>None</li>
</renderSkipFlags>
<defaultOutfitTags>
<li>Worker</li>
</defaultOutfitTags>
<canBeGeneratedToSatisfyWarmth>false</canBeGeneratedToSatisfyWarmth>
<canBeGeneratedToSatisfyToxicEnvironmentResistance>false</canBeGeneratedToSatisfyToxicEnvironmentResistance>
</apparel>
</ThingDef>
<!--  Monocle  -->
<ThingDef ParentName="Mousekin_AccessoryMakeableBase">
<defName>Mousekin_MousekinMonocle</defName>
<label>Mousekin Monocle</label>
<description>Single-lens eyeglass held in place by the eye socket, often seen as a symbol of sophistication and intellect.</description>
<graphicData>
<texPath>Things/Pawn/Humanlike/Apparel/MousekinMonocle/MousekinMonocle</texPath>
<graphicClass>Graphic_Single</graphicClass>
</graphicData>
<costList>
<Gold>1</Gold>
</costList>
<statBases>
<MaxHitPoints>100</MaxHitPoints>
<WorkToMake>5000</WorkToMake>
<Mass>0.020</Mass>
<EquipDelay>0.3</EquipDelay>
</statBases>
<equippedStatOffsets>
<NegotiationAbility>0.05</NegotiationAbility>
<SocialImpact>0.10</SocialImpact>
<TradePriceImprovement>0.05</TradePriceImprovement>
</equippedStatOffsets>
<apparel>
<bodyPartGroups>
<li>Eyes</li>
</bodyPartGroups>
<wornGraphicPath>Things/Pawn/Humanlike/Apparel/MousekinMonocle/MousekinMonocle</wornGraphicPath>
<layers>
<li>EyeCover</li>
</layers>
<drawData>
<defaultData>
<layer>61</layer>
</defaultData>
</drawData>
<renderSkipFlags>
<li>None</li>
</renderSkipFlags>
<defaultOutfitTags>
<li>Worker</li>
</defaultOutfitTags>
<canBeGeneratedToSatisfyWarmth>false</canBeGeneratedToSatisfyWarmth>
<canBeGeneratedToSatisfyToxicEnvironmentResistance>false</canBeGeneratedToSatisfyToxicEnvironmentResistance>
</apparel>
</ThingDef>
</Defs>