<?xml version="1.0" encoding="UTF-8"?>
<Defs>

	<!-- Boating Hat -->
	<ThingDef ParentName="LisaMousekin_HatBase">
		<defName>LisaMousekin_ApparelBoatingHat</defName>
		<label>Mousekin Boating Hat</label>
		<description>Stiff brimmed, flat-topped hat shields sun and adds nautical flair.</description>
		<graphicData>
			<texPath>Things/Pawn/Humanlike/Apparel/MousekinBoatingHat/MousekinBoatingHat</texPath>
			<graphicClass>Graphic_Single</graphicClass>
		</graphicData>
		<costStuffCount>30</costStuffCount>
<tradeability>Sellable</tradeability>
		<statBases>
			<MaxHitPoints>100</MaxHitPoints>
			<WorkToMake>6000</WorkToMake>
			<Mass>0.1</Mass>
			<StuffEffectMultiplierArmor>0.3</StuffEffectMultiplierArmor>
			<StuffEffectMultiplierInsulation_Cold>.25</StuffEffectMultiplierInsulation_Cold>
			<StuffEffectMultiplierInsulation_Heat>.3</StuffEffectMultiplierInsulation_Heat>
			<EquipDelay>1</EquipDelay>
		</statBases>
		<equippedStatOffsets>
			<SocialImpact>0.1</SocialImpact>
		</equippedStatOffsets>
		<apparel>
			<bodyPartGroups>
				<li>UpperHead</li>
			</bodyPartGroups>
			<wornGraphicPath>Things/Pawn/Humanlike/Apparel/MousekinBoatingHat/MousekinBoatingHat</wornGraphicPath>
			<layers>
				<li>Overhead</li>
			</layers>
			<renderSkipFlags>
				<li>None</li>
			</renderSkipFlags>
			<defaultOutfitTags>
				<li>Worker</li>
			</defaultOutfitTags>
			
		</apparel>
		<!-- Custom Mousekin Race mod comp to ignore apparel stuff color -->
		<comps>
			<li>
				<compClass>MousekinRace.CompApparelIgnoreStuffColor</compClass>
			</li>
		</comps>
<recipeMaker>
<skillRequirements>
<Crafting>4</Crafting>
</skillRequirements>
</recipeMaker>
	</ThingDef>

<!-- Feathered Hat -->
	<ThingDef ParentName="LisaMousekin_HatBase">
		<defName>LisaMousekin_ApparelFeatheredHat</defName>
		<label>Mousekin Feathered Hat</label>
		<description>Ornate, feathered headpiece symbolizing status and style.</description>
		<graphicData>
			<texPath>Things/Pawn/Humanlike/Apparel/MousekinFeatheredHat/MousekinFeatheredHat</texPath>
			<graphicClass>Graphic_Single</graphicClass>
		</graphicData>
		<costStuffCount>40</costStuffCount>
<tradeability>Sellable</tradeability>
		<statBases>
			<MaxHitPoints>100</MaxHitPoints>
			<WorkToMake>6000</WorkToMake>
			<Mass>0.1</Mass>
			<StuffEffectMultiplierArmor>0.3</StuffEffectMultiplierArmor>
			<StuffEffectMultiplierInsulation_Cold>.25</StuffEffectMultiplierInsulation_Cold>
			<StuffEffectMultiplierInsulation_Heat>.3</StuffEffectMultiplierInsulation_Heat>
			<EquipDelay>1</EquipDelay>
		</statBases>
		<equippedStatOffsets>
			<SocialImpact>0.15</SocialImpact>
		</equippedStatOffsets>
		<apparel>
			<bodyPartGroups>
				<li>UpperHead</li>
			</bodyPartGroups>
			<wornGraphicPath>Things/Pawn/Humanlike/Apparel/MousekinFeatheredHat/MousekinFeatheredHat</wornGraphicPath>
			<layers>
				<li>Overhead</li>
			</layers>
			<renderSkipFlags>
				<li>None</li>
			</renderSkipFlags>
			<defaultOutfitTags>
				<li>Worker</li>
			</defaultOutfitTags>
			<gender>Female</gender>
		</apparel>
		<!-- Custom Mousekin Race mod comp to ignore apparel stuff color -->
		<comps>
			<li>
				<compClass>MousekinRace.CompApparelIgnoreStuffColor</compClass>
			</li>
		</comps>
<recipeMaker>
<skillRequirements>
<Crafting>6</Crafting>
</skillRequirements>
</recipeMaker>
	</ThingDef>

<!-- MaidHat -->
	<ThingDef ParentName="LisaMousekin_HatBase">
		<defName>LisaMousekin_ApparelMaidHat</defName>
		<label>Mousekin Maid Headband</label>
		<description>Simple, often white headband worn by maids to keep hair tidy during work.</description>
		<graphicData>
			<texPath>Things/Pawn/Humanlike/Apparel/MousekinMaidHat/MousekinMaidHat</texPath>
			<graphicClass>Graphic_Single</graphicClass>
		</graphicData>
		<costStuffCount>15</costStuffCount>
		<tradeability>Sellable</tradeability>
		<statBases>
			<MaxHitPoints>75</MaxHitPoints>
			<WorkToMake>500</WorkToMake>
			<Mass>0.1</Mass>
			<StuffEffectMultiplierArmor>0.02</StuffEffectMultiplierArmor>
			<StuffEffectMultiplierInsulation_Cold>0.25</StuffEffectMultiplierInsulation_Cold>
			<StuffEffectMultiplierInsulation_Heat>0.10</StuffEffectMultiplierInsulation_Heat>
			<EquipDelay>1</EquipDelay>
		</statBases>
		<equippedStatOffsets>
			<WorkSpeedGlobal>0.1</WorkSpeedGlobal>
			<MoveSpeed>0.1</MoveSpeed>
			<SocialImpact>-0.05</SocialImpact>
		</equippedStatOffsets>
		<apparel>
			<bodyPartGroups>
				<li>UpperHead</li>
			</bodyPartGroups>
			<wornGraphicPath>Things/Pawn/Humanlike/Apparel/MousekinMaidHat/MousekinMaidHat</wornGraphicPath>
			<layers>
				<li>Overhead</li>
			</layers>
			<renderSkipFlags>
				<li>None</li>
			</renderSkipFlags>
			<defaultOutfitTags>
				<li>Worker</li>
			</defaultOutfitTags>
		</apparel>
		<!-- Custom Mousekin Race mod comp to ignore apparel stuff color -->
		<comps>
			<li>
				<compClass>MousekinRace.CompApparelIgnoreStuffColor</compClass>
			</li>
		</comps>
<recipeMaker>
<skillRequirements>
<Crafting>6</Crafting>
</skillRequirements>
</recipeMaker>
	</ThingDef>


<!-- Shako Hat -->
	<ThingDef ParentName="LisaMousekin_HatBase">
		<defName>LisaMousekin_ApparelShakoHat</defName>
		<label>Mousekin Shako Hat</label>
		<description>Tall, cylindrical headgear with visor and often ornate decorations, worn for military identification and formality.</description>
		<graphicData>
			<texPath>Things/Pawn/Humanlike/Apparel/MousekinShakoHat/MousekinShakoHat</texPath>
			<graphicClass>Graphic_Single</graphicClass>
		</graphicData>
		<costStuffCount>30</costStuffCount>
<stuffCategories Inherit="false">
<!--  Inherit="false" ignores what the parent LisaMousekin_ApparelBase says for stuffCategories  -->
<li>Metallic</li>
</stuffCategories>
<costList>
<Cloth>30</Cloth>
</costList>
<tradeability>Sellable</tradeability>
		<statBases>
			<MaxHitPoints>110</MaxHitPoints>
			<WorkToMake>7000</WorkToMake>
			<Mass>0.1</Mass>
			<StuffEffectMultiplierArmor>0.35</StuffEffectMultiplierArmor>
			<StuffEffectMultiplierInsulation_Cold>.3</StuffEffectMultiplierInsulation_Cold>
			<StuffEffectMultiplierInsulation_Heat>.3</StuffEffectMultiplierInsulation_Heat>
			<EquipDelay>1</EquipDelay>
		</statBases>
		<equippedStatOffsets>
			<SuppressionPower>0.05</SuppressionPower>
		
		</equippedStatOffsets>
		<apparel>
			<bodyPartGroups>
				<li>UpperHead</li>
			</bodyPartGroups>
			<wornGraphicPath>Things/Pawn/Humanlike/Apparel/MousekinShakoHat/MousekinShakoHat</wornGraphicPath>
			<layers>
				<li>Overhead</li>
			</layers>
			<renderSkipFlags>
				<li>None</li>
			</renderSkipFlags>
			<defaultOutfitTags>
				<li>Soldier</li>
			</defaultOutfitTags>
			
		</apparel>
		<!-- Custom Mousekin Race mod comp to ignore apparel stuff color -->
		<comps>
			<li>
				<compClass>MousekinRace.CompApparelIgnoreStuffColor</compClass>
			</li>
		</comps>
<recipeMaker>
<skillRequirements>
<Crafting>4</Crafting>
</skillRequirements>
</recipeMaker>
	</ThingDef>

<!-- Slouch Hat -->
	<ThingDef ParentName="LisaMousekin_HatBase">
		<defName>LisaMousekin_ApparelSlouchHat</defName>
		<label>Mousekin Slouch Hat</label>
		<description>Wide-brimmed, shapeless hat offering sun and rain protection.</description>
		<graphicData>
			<texPath>Things/Pawn/Humanlike/Apparel/MousekinSlouchHat/MousekinSlouchHat</texPath>
			<graphicClass>Graphic_Single</graphicClass>
			<!-- Ignores CutoutComplex setting from parent LisaMousekin_HatBase and Mousekin_HatMakeableBase, as the whole hat should have its color changed by stuff color (no need for mask graphics) -->
			<shaderType>Cutout</shaderType>
		</graphicData>
		<costStuffCount>30</costStuffCount>
<tradeability>Sellable</tradeability>
		
		<statBases>
			<MaxHitPoints>75</MaxHitPoints>
			<WorkToMake>500</WorkToMake>
			<Mass>0.1</Mass>
			<StuffEffectMultiplierArmor>0.2</StuffEffectMultiplierArmor>
			<StuffEffectMultiplierInsulation_Cold>0.25</StuffEffectMultiplierInsulation_Cold>
			<StuffEffectMultiplierInsulation_Heat>0.25</StuffEffectMultiplierInsulation_Heat>
			<EquipDelay>1</EquipDelay>
		</statBases>
		<equippedStatOffsets>
			<MentalBreakThreshold>0.05</MentalBreakThreshold>
		</equippedStatOffsets>
		<apparel>
			<bodyPartGroups>
				<li>UpperHead</li>
			</bodyPartGroups>
			<wornGraphicPath>Things/Pawn/Humanlike/Apparel/MousekinSlouchHat/MousekinSlouchHat</wornGraphicPath>
			
			<useWornGraphicMask>false</useWornGraphicMask>
			<layers>
				<li>Overhead</li>
			</layers>
			<renderSkipFlags>
				<li>None</li>
			</renderSkipFlags>
			<defaultOutfitTags>
				<li>Worker</li>
			</defaultOutfitTags>
		</apparel>
<recipeMaker>
<skillRequirements>
<Crafting>4</Crafting>
</skillRequirements>
</recipeMaker>
	</ThingDef>


<!-- Soldier Helmet -->
	<ThingDef ParentName="LisaMousekin_HatBase">
		<defName>LisaMousekin_ApparelSoldierHelmet</defName>
		<label>Mousekin Soldier Helmet</label>
		<description>Clad in practicality, a soldier hat shields from sun and elements while signifying unity and purpose.</description>
		<graphicData>
			<texPath>Things/Pawn/Humanlike/Apparel/MousekinSoldierHelmet/MousekinSoldierHelmet</texPath>
			<graphicClass>Graphic_Single</graphicClass>
		</graphicData>
		<costStuffCount>30</costStuffCount>
<stuffCategories Inherit="false">
<!--  Inherit="false" ignores what the parent LisaMousekin_ApparelBase says for stuffCategories  -->
<li>Metallic</li>
</stuffCategories>
<costList>
<Cloth>30</Cloth>
</costList>
<tradeability>Sellable</tradeability>
		<statBases>
			<MaxHitPoints>110</MaxHitPoints>
			<WorkToMake>7000</WorkToMake>
			<Mass>0.1</Mass>
			<StuffEffectMultiplierArmor>0.35</StuffEffectMultiplierArmor>
			<StuffEffectMultiplierInsulation_Cold>.3</StuffEffectMultiplierInsulation_Cold>
			<StuffEffectMultiplierInsulation_Heat>.3</StuffEffectMultiplierInsulation_Heat>
			<EquipDelay>1</EquipDelay>
		</statBases>
		<equippedStatOffsets>
			<SuppressionPower>0.05</SuppressionPower>
		</equippedStatOffsets>
		<apparel>
			<bodyPartGroups>
				<li>UpperHead</li>
			</bodyPartGroups>
			<wornGraphicPath>Things/Pawn/Humanlike/Apparel/MousekinSoldierHelmet/MousekinSoldierHelmet</wornGraphicPath>
			<layers>
				<li>Overhead</li>
			</layers>
			<renderSkipFlags>
				<li>None</li>
			</renderSkipFlags>
			<defaultOutfitTags>
				<li>Soldier</li>
			</defaultOutfitTags>
			
		</apparel>
		<!-- Custom Mousekin Race mod comp to ignore apparel stuff color -->
		<comps>
			<li>
				<compClass>MousekinRace.CompApparelIgnoreStuffColor</compClass>
			</li>
		</comps>
<recipeMaker>
<skillRequirements>
<Crafting>6</Crafting>
</skillRequirements>
</recipeMaker>
	</ThingDef>

<!-- Top Hat -->
	<ThingDef ParentName="LisaMousekin_HatBase">
		<defName>LisaMousekin_ApparelTopHat</defName>
		<label>Mousekin Top Hat</label>
		<description>Wide-brimmed, shapeless hat offering sun and rain protection.</description>
		<graphicData>
			<texPath>Things/Pawn/Humanlike/Apparel/MousekinTopHat/MousekinTopHat</texPath>
			<graphicClass>Graphic_Single</graphicClass>
			<!-- Ignores CutoutComplex setting from parent LisaMousekin_HatBase and Mousekin_HatMakeableBase, as the whole hat should have its color changed by stuff color (no need for mask graphics) -->
			<shaderType>Cutout</shaderType>
		</graphicData>
		<costStuffCount>30</costStuffCount>
<tradeability>Sellable</tradeability>
		
		<statBases>
			<MaxHitPoints>100</MaxHitPoints>
			<WorkToMake>6000</WorkToMake>
			<Mass>0.1</Mass>
			<StuffEffectMultiplierArmor>0.3</StuffEffectMultiplierArmor>
			<StuffEffectMultiplierInsulation_Cold>0.3</StuffEffectMultiplierInsulation_Cold>
			<StuffEffectMultiplierInsulation_Heat>0.3</StuffEffectMultiplierInsulation_Heat>
			<EquipDelay>1</EquipDelay>
		</statBases>
		<equippedStatOffsets>
			<SocialImpact>0.15</SocialImpact>
		</equippedStatOffsets>
		<apparel>
			<bodyPartGroups>
				<li>UpperHead</li>
			</bodyPartGroups>
			<wornGraphicPath>Things/Pawn/Humanlike/Apparel/MousekinTopHat/MousekinTopHat</wornGraphicPath>
			
			<useWornGraphicMask>false</useWornGraphicMask>
			<layers>
				<li>Overhead</li>
			</layers>
			<renderSkipFlags>
				<li>None</li>
			</renderSkipFlags>
			<defaultOutfitTags>
				<li>Worker</li>
			</defaultOutfitTags>
		</apparel>
<recipeMaker>
<skillRequirements>
<Crafting>4</Crafting>
</skillRequirements>
</recipeMaker>
	</ThingDef>

<!--  Metal Soldier Helmet  -->
<ThingDef ParentName="LisaMousekin_MilitarySmithableBase">
<defName>LisaMousekin_ApparelMetalSoldierHelmet</defName>
<label>Mousekin Metal Soldier Helmet</label>
<description>Hardened headgear shielding soldiers from harm.</description>
<graphicData>
<texPath>Things/Pawn/Humanlike/Apparel/MousekinMetalSoldierHelmet/MousekinMetalSoldierHelmet</texPath>
<graphicClass>Graphic_Single</graphicClass>
</graphicData>
<costStuffCount>1</costStuffCount>
<stuffCategories>
<li>Metallic</li>
</stuffCategories>
<costList>
<Steel>50</Steel>
</costList>
<tradeability>Sellable</tradeability>
<statBases>
<MaxHitPoints>120</MaxHitPoints>
<WorkToMake>8000</WorkToMake>
<Mass>0.1</Mass>
<StuffEffectMultiplierArmor>0.6</StuffEffectMultiplierArmor>
<StuffEffectMultiplierInsulation_Cold>0.20</StuffEffectMultiplierInsulation_Cold>
<StuffEffectMultiplierInsulation_Heat>0.10</StuffEffectMultiplierInsulation_Heat>
<EquipDelay>1</EquipDelay>
</statBases>
<equippedStatOffsets>
<SuppressionPower>0.05</SuppressionPower>
<MentalBreakThreshold>0.05</MentalBreakThreshold>
</equippedStatOffsets>
<apparel>
<bodyPartGroups>
<li>UpperHead</li>
</bodyPartGroups>
<wornGraphicPath>Things/Pawn/Humanlike/Apparel/MousekinMetalSoldierHelmet/MousekinMetalSoldierHelmet</wornGraphicPath>
<layers>
<li>Overhead</li>
</layers>
<renderSkipFlags>
<li>None</li>
</renderSkipFlags>
<defaultOutfitTags>
<li>Worker</li>
</defaultOutfitTags>
</apparel>
<!--  Custom Mousekin Race mod comp to ignore apparel stuff color  -->
<comps>
<li>
<compClass>MousekinRace.CompApparelIgnoreStuffColor</compClass>
</li>
</comps>
<recipeMaker>
<skillRequirements>
<Crafting>6</Crafting>
</skillRequirements>
</recipeMaker>
</ThingDef>
	
</Defs>