<?xml version="1.0" encoding="UTF-8"?>
<Defs>



<!--  Bulletproof Waistcoat  -->
<ThingDef ParentName="LisaMousekin_ApparelBase">
<defName>LisaMousekin_ApparelBpWaistCoat</defName>
<label>Mousekin Bulletproof Waistcoat</label>
<description>Protective garment designed to absorb bullet impact. Walking speed is slightly slower.</description>
<graphicData>
<texPath>Things/Pawn/Humanlike/Apparel/MousekinBpWaistCoat/MousekinBpWaistCoat</texPath>
<graphicClass>Graphic_Single</graphicClass>
<shaderType>Cutout</shaderType>
</graphicData>
<costStuffCount>60</costStuffCount>
<stuffCategories Inherit="false">
<!--  Inherit="false" ignores what the parent LisaMousekin_ApparelBase says for stuffCategories  -->
<li>Metallic</li>
</stuffCategories>
<costList>
<Cloth>50</Cloth>
</costList>
<tradeability>Sellable</tradeability>
<statBases>
<MaxHitPoints>120</MaxHitPoints>
<WorkToMake>15000</WorkToMake>
<Mass>1.0</Mass>
<StuffEffectMultiplierArmor>0.9</StuffEffectMultiplierArmor>
<StuffEffectMultiplierInsulation_Cold>0.5</StuffEffectMultiplierInsulation_Cold>
<StuffEffectMultiplierInsulation_Heat>0.5</StuffEffectMultiplierInsulation_Heat>
<EquipDelay>2</EquipDelay>
</statBases>
<equippedStatOffsets>
<SocialImpact>0.05</SocialImpact>
<MoveSpeed>-0.05</MoveSpeed>
</equippedStatOffsets>
<apparel>
<bodyPartGroups>
<li>Torso</li>
<li>Shoulders</li>
</bodyPartGroups>
<wornGraphicPath>Things/Pawn/Humanlike/Apparel/MousekinBpWaistCoat/MousekinBpWaistCoat</wornGraphicPath>
<useWornGraphicMask>false</useWornGraphicMask>
<layers>
<li>Middle</li>
</layers>
<defaultOutfitTags>
<li>Worker</li>
</defaultOutfitTags>
</apparel>
<colorGenerator Class="ColorGenerator_StandardApparel"/>
<recipeMaker>
<skillRequirements>
<Crafting>6</Crafting>
</skillRequirements>
</recipeMaker>
</ThingDef>



<!-- Dress A -->
	<ThingDef ParentName="LisaMousekin_ApparelBase">
		<defName>LisaMousekin_ApparelDressA</defName>
		<label>Mousekin Adventure's Dress</label>
		<description>Versatile, comfortable dress designed for active lifestyles and travel.</description>
		<graphicData>
			<texPath>Things/Pawn/Humanlike/Apparel/MousekinDressA/MousekinDressA</texPath>
			<graphicClass>Graphic_Single</graphicClass>
		</graphicData>
		<costStuffCount>80</costStuffCount>
<tradeability>Sellable</tradeability>
		<statBases>
			<MaxHitPoints>100</MaxHitPoints>
			<WorkToMake>10000</WorkToMake>
			<Mass>1.75</Mass>
			<StuffEffectMultiplierArmor>0.35</StuffEffectMultiplierArmor>
			<StuffEffectMultiplierInsulation_Cold>0.3</StuffEffectMultiplierInsulation_Cold>
			<StuffEffectMultiplierInsulation_Heat>0.3</StuffEffectMultiplierInsulation_Heat>
			<EquipDelay>2</EquipDelay>
		</statBases>
		<equippedStatOffsets>
			<SocialImpact>0.15</SocialImpact>
			<SuppressionPower>0.05</SuppressionPower>
		</equippedStatOffsets>
		<apparel>
			<bodyPartGroups>
				<li>Torso</li>
				<li>Shoulders</li>
				<li>Arms</li>
				<li>Legs</li>
			</bodyPartGroups>
			<wornGraphicPath>Things/Pawn/Humanlike/Apparel/MousekinDressA/MousekinDressA</wornGraphicPath>
			<layers>
				<li>OnSkin</li>
			</layers>
			<defaultOutfitTags>
				<li>Worker</li>
			</defaultOutfitTags>
			<gender>Female</gender>
		</apparel>
		<!-- Color options (for cloth fabric type only) -->
		<colorGenerator Class="ColorGenerator_Options">
			<options>
				<li>
					<!-- "White" - basically, use original texture colors only if the stuff fabric is cloth -->
					<weight>10</weight>
					<only>(255, 255, 255)</only>
				</li>
			</options>
		</colorGenerator>
<recipeMaker>
<skillRequirements>
<Crafting>4</Crafting>
</skillRequirements>
</recipeMaker>
	</ThingDef>


<!-- Dress B -->
	<ThingDef ParentName="LisaMousekin_ApparelBase">
		<defName>LisaMousekin_ApparelDressB</defName>
		<label>Mousekin Beautiful Dress</label>
		<description>Elegant garment designed to enhance wearer's beauty and charm.</description>
		<graphicData>
			<texPath>Things/Pawn/Humanlike/Apparel/MousekinDressB/MousekinDressB</texPath>
			<graphicClass>Graphic_Single</graphicClass>
		</graphicData>
		<costStuffCount>80</costStuffCount>
<tradeability>Sellable</tradeability>
		<statBases>
			<MaxHitPoints>100</MaxHitPoints>
			<WorkToMake>10000</WorkToMake>
			<Mass>1.75</Mass>
			<StuffEffectMultiplierArmor>0.25</StuffEffectMultiplierArmor>
			<StuffEffectMultiplierInsulation_Cold>0.3</StuffEffectMultiplierInsulation_Cold>
			<StuffEffectMultiplierInsulation_Heat>0.3</StuffEffectMultiplierInsulation_Heat>
			<EquipDelay>2</EquipDelay>
		</statBases>
		<equippedStatOffsets>
			<SocialImpact>0.15</SocialImpact>
		</equippedStatOffsets>
		<apparel>
			<bodyPartGroups>
				<li>Torso</li>
				<li>Shoulders</li>
				<li>Arms</li>
				<li>Legs</li>
			</bodyPartGroups>
			<wornGraphicPath>Things/Pawn/Humanlike/Apparel/MousekinDressB/MousekinDressB</wornGraphicPath>
			<layers>
				<li>OnSkin</li>
			</layers>
			<defaultOutfitTags>
				<li>Worker</li>
			</defaultOutfitTags>
			<gender>Female</gender>
		</apparel>
		<!-- Color options (for cloth fabric type only) -->
		<colorGenerator Class="ColorGenerator_Options">
			<options>
				<li>
					<!-- "White" - basically, use original texture colors only if the stuff fabric is cloth -->
					<weight>10</weight>
					<only>(255, 255, 255)</only>
				</li>
			</options>
		</colorGenerator>
<recipeMaker>
<skillRequirements>
<Crafting>4</Crafting>
</skillRequirements>
</recipeMaker>
	</ThingDef>
	

<!--  Dress Coat  -->
<ThingDef ParentName="LisaMousekin_ApparelBase">
<defName>LisaMousekin_ApparelDressCoat</defName>
<label>Mousekin Dress Coat</label>
<description>Luxurious fur trim providing warmth and style.</description>
<graphicData>
<texPath>Things/Pawn/Humanlike/Apparel/MousekinDressCoat/MousekinDressCoat</texPath>
<graphicClass>Graphic_Single</graphicClass>
</graphicData>
<costStuffCount>80</costStuffCount>
<stuffCategories Inherit="false">
<!--  Inherit="false" ignores what the parent LisaMousekin_ApparelBase says for stuffCategories  -->
<li>Leathery</li>
</stuffCategories>
<tradeability>Sellable</tradeability>
<statBases>
<MaxHitPoints>100</MaxHitPoints>
<WorkToMake>14000</WorkToMake>
<Mass>1.75</Mass>
<StuffEffectMultiplierArmor>0.2</StuffEffectMultiplierArmor>
<StuffEffectMultiplierInsulation_Cold>0.50</StuffEffectMultiplierInsulation_Cold>
<StuffEffectMultiplierInsulation_Heat>0.10</StuffEffectMultiplierInsulation_Heat>
<EquipDelay>5</EquipDelay>
</statBases>
<equippedStatOffsets>
<SocialImpact>0.10</SocialImpact>
</equippedStatOffsets>
<apparel>
<bodyPartGroups>
<li>Torso</li>
<li>Shoulders</li>
</bodyPartGroups>
<wornGraphicPath>Things/Pawn/Humanlike/Apparel/MousekinDressCoat/MousekinDressCoat</wornGraphicPath>
<layers>
<li>Shell</li>
</layers>
<defaultOutfitTags>
<li>Worker</li>
</defaultOutfitTags>
<gender>Female</gender>
</apparel>
<recipeMaker>
<skillRequirements>
<Crafting>4</Crafting>
</skillRequirements>
</recipeMaker>
</ThingDef>


<!--  Frock Coat  -->
<ThingDef ParentName="LisaMousekin_ApparelBase">
<defName>LisaMousekin_ApparelFrockCoat</defName>
<label>Mousekin Frock Coat</label>
<description>Elegant, knee-length coat with a formal appearance, typically worn for special occasions.</description>
<graphicData>
<texPath>Things/Pawn/Humanlike/Apparel/MousekinFrockCoat/MousekinFrockCoat</texPath>
<graphicClass>Graphic_Single</graphicClass>
<!--  Ignores CutoutComplex setting from parent LisaMousekin_ApparelBase and Mousekin_ApparelMakeableBase, as the whole shirt should have its color changed (no need for mask graphics)  -->
<shaderType>Cutout</shaderType>
</graphicData>
<costStuffCount>60</costStuffCount>
<tradeability>Sellable</tradeability>
<statBases>
<MaxHitPoints>100</MaxHitPoints>
<WorkToMake>8000</WorkToMake>
<Mass>1.0</Mass>
<StuffEffectMultiplierArmor>0.3</StuffEffectMultiplierArmor>
<StuffEffectMultiplierInsulation_Cold>0.3</StuffEffectMultiplierInsulation_Cold>
<StuffEffectMultiplierInsulation_Heat>0.3</StuffEffectMultiplierInsulation_Heat>
<EquipDelay>2</EquipDelay>
</statBases>
<equippedStatOffsets>
<SocialImpact>0.10</SocialImpact>
</equippedStatOffsets>
<apparel>
<bodyPartGroups>
<li>Torso</li>
<li>Shoulders</li>
<li>Arms</li>
</bodyPartGroups>
<wornGraphicPath>Things/Pawn/Humanlike/Apparel/MousekinFrockCoat/MousekinFrockCoat</wornGraphicPath>
<useWornGraphicMask>false</useWornGraphicMask>
<layers>
<li>Shell</li>
</layers>
<defaultOutfitTags>
<li>Worker</li>
</defaultOutfitTags>
</apparel>
<!--  Random color generator (for cloth fabric type only)  -->
<colorGenerator Class="ColorGenerator_StandardApparel"/>
<recipeMaker>
<skillRequirements>
<Crafting>4</Crafting>
</skillRequirements>
</recipeMaker>
</ThingDef>

<!-- Hussar Jacket -->
	<ThingDef ParentName="LisaMousekin_ApparelBase">
		<defName>LisaMousekin_ApparelHussarJacket</defName>
		<label>Mousekin Hussar Jacket</label>
		<description>Ornate, fitted jacket with long, flared sleeves, traditionally worn by light cavalry, offering style and limited protection.</description>
		<graphicData>
			<texPath>Things/Pawn/Humanlike/Apparel/MousekinHussarJacket/MousekinHussarJacket</texPath>
			<graphicClass>Graphic_Single</graphicClass>
		</graphicData>
		<costStuffCount>60</costStuffCount>
<tradeability>Sellable</tradeability>
		<statBases>
			<MaxHitPoints>100</MaxHitPoints>
			<WorkToMake>8000</WorkToMake>
			<Mass>1.75</Mass>
			<StuffEffectMultiplierArmor>0.35</StuffEffectMultiplierArmor>
			<StuffEffectMultiplierInsulation_Cold>0.3</StuffEffectMultiplierInsulation_Cold>
			<StuffEffectMultiplierInsulation_Heat>0.3</StuffEffectMultiplierInsulation_Heat>
			<EquipDelay>2</EquipDelay>
		</statBases>
		<equippedStatOffsets>
			<PainShockThreshold>0.1</PainShockThreshold>
			<SuppressionPower>0.1</SuppressionPower>
		</equippedStatOffsets>
		<apparel>
			<bodyPartGroups>
				<li>Torso</li>
				<li>Shoulders</li>
				<li>Arms</li>
				
			</bodyPartGroups>
			<wornGraphicPath>Things/Pawn/Humanlike/Apparel/MousekinHussarJacket/MousekinHussarJacket</wornGraphicPath>
			<layers>
				<li>Middle</li>
			</layers>
			<defaultOutfitTags>
				<li>Soldier</li>
			</defaultOutfitTags>
			
		</apparel>
		<!-- Color options (for cloth fabric type only) -->
		<colorGenerator Class="ColorGenerator_Options">
			<options>
				<li>
					<!-- "White" - basically, use original texture colors only if the stuff fabric is cloth -->
					<weight>10</weight>
					<only>(255, 255, 255)</only>
				</li>
			</options>
		</colorGenerator>
<recipeMaker>
<skillRequirements>
<Crafting>4</Crafting>
</skillRequirements>
</recipeMaker>
	</ThingDef>
<!-- Maid Uniform -->
	<ThingDef ParentName="LisaMousekin_ApparelBase">
		<defName>LisaMousekin_ApparelMaidUniform</defName>
		<label>Mousekin Maid Uniform</label>
		<description>Typically a knee-length dress or apron with matching cap, worn by domestic staff for practicality and identification.</description>
		<graphicData>
			<texPath>Things/Pawn/Humanlike/Apparel/MousekinMaidUniform/MousekinMaidUniform</texPath>
			<graphicClass>Graphic_Single</graphicClass>
		</graphicData>
		<costStuffCount>60</costStuffCount>
		<tradeability>Sellable</tradeability>
		<statBases>
			<MaxHitPoints>180</MaxHitPoints>
			<WorkToMake>4000</WorkToMake>
			<Mass>1.75</Mass>
			<StuffEffectMultiplierArmor>0.2</StuffEffectMultiplierArmor>
			<StuffEffectMultiplierInsulation_Cold>0.40</StuffEffectMultiplierInsulation_Cold>
			<StuffEffectMultiplierInsulation_Heat>0.20</StuffEffectMultiplierInsulation_Heat>
			<EquipDelay>2</EquipDelay>
		</statBases>
		<equippedStatOffsets>
			<MoveSpeed>0.1</MoveSpeed>
			<MentalBreakThreshold>0.1</MentalBreakThreshold>
			<WorkSpeedGlobal>0.15</WorkSpeedGlobal>
			<SocialImpact>-0.1</SocialImpact>
			<NegotiationAbility>-0.1</NegotiationAbility>
		</equippedStatOffsets>
		<apparel>
			<bodyPartGroups>
				<li>Torso</li>
				<li>Shoulders</li>
				<li>Arms</li>
				<li>Legs</li>
			</bodyPartGroups>
			<wornGraphicPath>Things/Pawn/Humanlike/Apparel/MousekinMaidUniform/MousekinMaidUniform</wornGraphicPath>
			<layers>
				<li>OnSkin</li>
			</layers>
			<defaultOutfitTags>
				<li>Worker</li>
			</defaultOutfitTags>
			<gender>Female</gender>
		</apparel>
		<!-- Custom Mousekin Race mod comp to ignore apparel stuff color -->
		<comps>
			<li>
				<compClass>MousekinRace.CompApparelIgnoreStuffColor</compClass>
			</li>
		</comps>
<recipeMaker>
<skillRequirements>
<Crafting>4</Crafting>
</skillRequirements>
</recipeMaker>
	</ThingDef>

<!-- Riding Habit Dress -->
	<ThingDef ParentName="LisaMousekin_ApparelBase">
		<defName>LisaMousekin_ApparelRidingHabitDress</defName>
		<label>Mousekin Riding Habit Dress</label>
		<description>Elegant, long dress designed for horseback riding, offering comfort and style.</description>
		<graphicData>
			<texPath>Things/Pawn/Humanlike/Apparel/MousekinRidingHabitDress/MousekinRidingHabitDress</texPath>
			<graphicClass>Graphic_Single</graphicClass>
		</graphicData>
		<costStuffCount>80</costStuffCount>
<tradeability>Sellable</tradeability>
		<statBases>
			<MaxHitPoints>100</MaxHitPoints>
			<WorkToMake>10000</WorkToMake>
			<Mass>1.75</Mass>
			<StuffEffectMultiplierArmor>0.35</StuffEffectMultiplierArmor>
			<StuffEffectMultiplierInsulation_Cold>0.3</StuffEffectMultiplierInsulation_Cold>
			<StuffEffectMultiplierInsulation_Heat>0.3</StuffEffectMultiplierInsulation_Heat>
			<EquipDelay>2</EquipDelay>
		</statBases>
		<equippedStatOffsets>
			<SocialImpact>0.15</SocialImpact>
			<SuppressionPower>0.10</SuppressionPower>
		</equippedStatOffsets>
		<apparel>
			<bodyPartGroups>
				<li>Torso</li>
				<li>Shoulders</li>
				<li>Arms</li>
				<li>Legs</li>
			</bodyPartGroups>
			<wornGraphicPath>Things/Pawn/Humanlike/Apparel/MousekinRidingHabitDress/MousekinRidingHabitDress</wornGraphicPath>
			<layers>
				<li>OnSkin</li>
			</layers>
			<defaultOutfitTags>
				<li>Soldier</li>
			</defaultOutfitTags>
			<gender>Female</gender>
		</apparel>
		<!-- Color options (for cloth fabric type only) -->
		<colorGenerator Class="ColorGenerator_Options">
			<options>
				<li>
					<!-- "White" - basically, use original texture colors only if the stuff fabric is cloth -->
					<weight>10</weight>
					<only>(255, 255, 255)</only>
				</li>
			</options>
		</colorGenerator>
<recipeMaker>
<skillRequirements>
<Crafting>4</Crafting>
</skillRequirements>
</recipeMaker>
	</ThingDef>


<!--  Simple Dress  -->
<ThingDef ParentName="LisaMousekin_ApparelBase">
<defName>LisaMousekin_ApparelSimpleDress</defName>
<label>Mousekin Simple Dress</label>
<description>Basic, understated garment covering the torso, providing comfort and modesty.</description>
<graphicData>
<texPath>Things/Pawn/Humanlike/Apparel/MousekinSimpleDress/MousekinSimpleDress</texPath>
<graphicClass>Graphic_Single</graphicClass>
<!--  Ignores CutoutComplex setting from parent LisaMousekin_ApparelBase and Mousekin_ApparelMakeableBase, as the whole shirt should have its color changed (no need for mask graphics)  -->
<shaderType>Cutout</shaderType>
</graphicData>
<costStuffCount>80</costStuffCount>
<tradeability>Sellable</tradeability>
<statBases>
<MaxHitPoints>100</MaxHitPoints>
<WorkToMake>8000</WorkToMake>
<Mass>1.0</Mass>
<StuffEffectMultiplierArmor>0.2</StuffEffectMultiplierArmor>
<StuffEffectMultiplierInsulation_Cold>0.3</StuffEffectMultiplierInsulation_Cold>
<StuffEffectMultiplierInsulation_Heat>0.3</StuffEffectMultiplierInsulation_Heat>
<EquipDelay>2</EquipDelay>
</statBases>
<equippedStatOffsets>
<MoveSpeed>0.1</MoveSpeed>
</equippedStatOffsets>
<apparel>
<bodyPartGroups>
<li>Torso</li>
<li>Shoulders</li>
<li>Arms</li>
<li>Legs</li>
</bodyPartGroups>
<wornGraphicPath>Things/Pawn/Humanlike/Apparel/MousekinSimpleDress/MousekinSimpleDress</wornGraphicPath>
<useWornGraphicMask>false</useWornGraphicMask>
<layers>
<li>OnSkin</li>
</layers>
<defaultOutfitTags>
<li>Worker</li>
</defaultOutfitTags>
<gender>Female</gender>
</apparel>
<!--  Random color generator (for cloth fabric type only)  -->
<colorGenerator Class="ColorGenerator_StandardApparel"/>
<recipeMaker>
<skillRequirements>
<Crafting>4</Crafting>
</skillRequirements>
</recipeMaker>
</ThingDef>

<!-- Smoking Jacket -->
	<ThingDef ParentName="LisaMousekin_ApparelBase">
		<defName>LisaMousekin_ApparelSmokingJacket</defName>
		<label>Mousekin Smoking Jacket</label>
		<description>Luxurious, loose-fitting robe worn for relaxation and protecting clothing from smoke and ash.</description>
		<graphicData>
			<texPath>Things/Pawn/Humanlike/Apparel/MousekinSmokingJacket/MousekinSmokingJacket</texPath>
			<graphicClass>Graphic_Single</graphicClass>
			
			<shaderType>Cutout</shaderType>
		</graphicData>
		<costStuffCount>60</costStuffCount>
		<tradeability>Sellable</tradeability>
		<statBases>
			<MaxHitPoints>100</MaxHitPoints>
			<WorkToMake>7000</WorkToMake>
			<Mass>1.0</Mass>
			<StuffEffectMultiplierArmor>0.3</StuffEffectMultiplierArmor>
			<StuffEffectMultiplierInsulation_Cold>0.30</StuffEffectMultiplierInsulation_Cold>
			<StuffEffectMultiplierInsulation_Heat>0.30</StuffEffectMultiplierInsulation_Heat>
			<EquipDelay>2</EquipDelay>
		</statBases>
		<equippedStatOffsets>
			<SocialImpact>.1</SocialImpact>
		</equippedStatOffsets>
		<apparel>
			<bodyPartGroups>
				<li>Torso</li>
				<li>Shoulders</li>
				<li>Arms</li>
			</bodyPartGroups>
			<wornGraphicPath>Things/Pawn/Humanlike/Apparel/MousekinSmokingJacket/MousekinSmokingJacket</wornGraphicPath>
			
			<useWornGraphicMask>false</useWornGraphicMask>
			<layers>
				<li>Middle</li>
			</layers>
			<defaultOutfitTags>
				<li>Worker</li>
			</defaultOutfitTags>
		</apparel>
		<!-- Random color generator (for cloth fabric type only) -->
		<colorGenerator Class="ColorGenerator_StandardApparel" />
<recipeMaker>
<skillRequirements>
<Crafting>4</Crafting>
</skillRequirements>
</recipeMaker>
	</ThingDef>


<!-- Soldier Coat -->
	<ThingDef ParentName="LisaMousekin_ApparelBase">
		<defName>LisaMousekin_ApparelSoldierCoat</defName>
		<label>Mousekin Soldier Coat</label>
		<description>Functional, durable coat offering protection and warmth for combat conditions.</description>
		<graphicData>
			<texPath>Things/Pawn/Humanlike/Apparel/MousekinSoldierCoat/MousekinSoldierCoat</texPath>
			<graphicClass>Graphic_Single</graphicClass>
		</graphicData>
		<costStuffCount>60</costStuffCount>
<tradeability>Sellable</tradeability>
		<statBases>
			<MaxHitPoints>110</MaxHitPoints>
			<WorkToMake>8000</WorkToMake>
			<Mass>1.75</Mass>
			<StuffEffectMultiplierArmor>0.35</StuffEffectMultiplierArmor>
			<StuffEffectMultiplierInsulation_Cold>0.3</StuffEffectMultiplierInsulation_Cold>
			<StuffEffectMultiplierInsulation_Heat>0.3</StuffEffectMultiplierInsulation_Heat>
			<EquipDelay>2</EquipDelay>
		</statBases>
		<equippedStatOffsets>
			<PainShockThreshold>0.1</PainShockThreshold>
		<SuppressionPower>0.15</SuppressionPower>
		</equippedStatOffsets>
		<apparel>
			<bodyPartGroups>
				<li>Torso</li>
				<li>Shoulders</li>
				<li>Arms</li>
				
			</bodyPartGroups>
			<wornGraphicPath>Things/Pawn/Humanlike/Apparel/MousekinSoldierCoat/MousekinSoldierCoat</wornGraphicPath>
			<layers>
				<li>Shell</li>
			</layers>
			<defaultOutfitTags>
				<li>Soldier</li>
			</defaultOutfitTags>
			
		</apparel>
		<!-- Color options (for cloth fabric type only) -->
		<colorGenerator Class="ColorGenerator_Options">
			<options>
				<li>
					<!-- "White" - basically, use original texture colors only if the stuff fabric is cloth -->
					<weight>10</weight>
					<only>(255, 255, 255)</only>
				</li>
			</options>
		</colorGenerator>
<recipeMaker>
<skillRequirements>
<Crafting>4</Crafting>
</skillRequirements>
</recipeMaker>
	</ThingDef>


<!--  Waistcoat  -->
<ThingDef ParentName="LisaMousekin_ApparelBase">
<defName>LisaMousekin_ApparelWaistcoat</defName>
<label>Mousekin Waistcoat</label>
<description>A sleeveless, waist-length garment worn for warmth and style, typically layered over a shirt and under a jacket.</description>
<graphicData>
<texPath>Things/Pawn/Humanlike/Apparel/MousekinWaistcoat/MousekinWaistcoat</texPath>
<graphicClass>Graphic_Single</graphicClass>
<shaderType>Cutout</shaderType>
</graphicData>
<costStuffCount>50</costStuffCount>
<tradeability>Sellable</tradeability>
<statBases>
<MaxHitPoints>100</MaxHitPoints>
<WorkToMake>3000</WorkToMake>
<Mass>1.0</Mass>
<StuffEffectMultiplierArmor>0.3</StuffEffectMultiplierArmor>
<StuffEffectMultiplierInsulation_Cold>0.20</StuffEffectMultiplierInsulation_Cold>
<StuffEffectMultiplierInsulation_Heat>0.30</StuffEffectMultiplierInsulation_Heat>
<EquipDelay>2</EquipDelay>
</statBases>
<equippedStatOffsets>
<SocialImpact>.05</SocialImpact>
</equippedStatOffsets>
<apparel>
<bodyPartGroups>
<li>Torso</li>
<li>Shoulders</li>
</bodyPartGroups>
<wornGraphicPath>Things/Pawn/Humanlike/Apparel/MousekinWaistcoat/MousekinWaistcoat</wornGraphicPath>
<useWornGraphicMask>false</useWornGraphicMask>
<layers>
<li>Middle</li>
</layers>
<defaultOutfitTags>
<li>Worker</li>
</defaultOutfitTags>
</apparel>
<colorGenerator Class="ColorGenerator_StandardApparel"/>
<recipeMaker>
<skillRequirements>
<Crafting>4</Crafting>
</skillRequirements>
</recipeMaker>
</ThingDef>

<!-- Walking Dress -->
	<ThingDef ParentName="LisaMousekin_ApparelBase">
		<defName>LisaMousekin_ApparelWalkingDress</defName>
		<label>Mousekin Walking Dress</label>
		<description>Versatile, comfortable dress designed for active lifestyles and travel.</description>
		<graphicData>
			<texPath>Things/Pawn/Humanlike/Apparel/MousekinWalkingDress/MousekinWalkingDress</texPath>
			<graphicClass>Graphic_Single</graphicClass>
		</graphicData>
		<costStuffCount>80</costStuffCount>
<tradeability>Sellable</tradeability>
		<statBases>
			<MaxHitPoints>100</MaxHitPoints>
			<WorkToMake>8000</WorkToMake>
			<Mass>1.75</Mass>
			<StuffEffectMultiplierArmor>0.25</StuffEffectMultiplierArmor>
			<StuffEffectMultiplierInsulation_Cold>0.3</StuffEffectMultiplierInsulation_Cold>
			<StuffEffectMultiplierInsulation_Heat>0.3</StuffEffectMultiplierInsulation_Heat>
			<EquipDelay>2</EquipDelay>
		</statBases>
		<equippedStatOffsets>
			<SocialImpact>0.1</SocialImpact>
			
		</equippedStatOffsets>
		<apparel>
			<bodyPartGroups>
				<li>Torso</li>
				<li>Shoulders</li>
				<li>Arms</li>
				<li>Legs</li>
			</bodyPartGroups>
			<wornGraphicPath>Things/Pawn/Humanlike/Apparel/MousekinWalkingDress/MousekinWalkingDress</wornGraphicPath>
			<layers>
				<li>OnSkin</li>
			</layers>
			<defaultOutfitTags>
				<li>Worker</li>
			</defaultOutfitTags>
			<gender>Female</gender>
		</apparel>
		<!-- Color options (for cloth fabric type only) -->
		<colorGenerator Class="ColorGenerator_Options">
			<options>
				<li>
					<!-- "White" - basically, use original texture colors only if the stuff fabric is cloth -->
					<weight>10</weight>
					<only>(255, 255, 255)</only>
				</li>
			</options>
		</colorGenerator>
<recipeMaker>
<skillRequirements>
<Crafting>4</Crafting>
</skillRequirements>
</recipeMaker>
	</ThingDef>


</Defs>