<?xml version="1.0" encoding="UTF-8"?>
<Defs>

	<ThingDef Name="LisaMousekin_ApparelBase" ParentName="Mousekin_ApparelMakeableBase" Abstract="True">
		<stuffCategories>
			<li>Fabric</li>
			<li>Leathery</li>
		</stuffCategories>
		<recipeMaker>
		<workSpeedStat>GeneralLaborSpeed</workSpeedStat>
		<workSkill>Crafting</workSkill>
			<researchPrerequisite>ComplexClothing</researchPrerequisite>
			<recipeUsers>
				<!-- Mousekin_WorkbenchTailor inherited from Mousekin_ApparelMakeableBase -->
				<li>ElectricTailoringBench</li>
				<li>HandTailoringBench</li>
			</recipeUsers>
		</recipeMaker>
	</ThingDef>
	
	<ThingDef Name="LisaMousekin_HatBase" ParentName="Mousekin_HatMakeableBase" Abstract="True">
		<stuffCategories>
			<li>Fabric</li>
			<li>Leathery</li>
		</stuffCategories>
		<recipeMaker>
		<workSpeedStat>GeneralLaborSpeed</workSpeedStat>
		<workSkill>Crafting</workSkill>
			<researchPrerequisite>ComplexClothing</researchPrerequisite>
			<recipeUsers>
				<!-- Mousekin_WorkbenchTailor inherited from Mousekin_ApparelMakeableBase -->
				<li>ElectricTailoringBench</li>
				<li>HandTailoringBench</li>
			</recipeUsers>
		</recipeMaker>
	</ThingDef>

<ThingDef Name="LisaMousekin_AccessoryBase" ParentName="Mousekin_AccessoryMakeableBase" Abstract="True">
		
		<recipeMaker>
		<workSpeedStat>GeneralLaborSpeed</workSpeedStat>
		<workSkill>Crafting</workSkill>
			<recipeUsers>
				
				<li>ElectricSmithy</li>
				<li>FueledSmithy</li>
			</recipeUsers>
		</recipeMaker>
	</ThingDef>

<ThingDef Name="LisaMousekin_MilitarySmithableBase" ParentName="Mousekin_HatMakeableBase" Abstract="True">
<burnableByRecipe>false</burnableByRecipe>
<smeltable>true</smeltable>
<defaultStuff>Steel</defaultStuff>
		
		<recipeMaker>
			<recipeUsers Inherit="false">
				<li>Mousekin_WorkbenchSmithy</li>
				<li>ElectricSmithy</li>
				<li>FueledSmithy</li>
</recipeUsers>
		</recipeMaker>
	</ThingDef>
	
</Defs>