<?xml version="1.0" encoding="utf-8"?>
<ModMetaData>
    <name>Lisa's Mousekin Apparel: Victorian</name>
    <author>Hysteria82</author>
	<packageId>Hysteria82.LisasMousekinApparelVictorian</packageId>
	<description>Adds additional apparel for the Mousekin Race mod. Based on 'Gunmar's Victorian Era Apparels.'\n\n===Clothing Overview===
Boating Hat
Bulletproof Waistcoat
Dress A
Dress B
Dress Coat
Feathered Hat
Frock Coat
Glasses
Hussar Jacket
Maid Hat
Maid uniform
Metal Soldier Hat
Monocle
Riding Habit dress
Shako Hat
Simple Dress
Slouch Hat
Smoking Jacket
Soldier Coat
Soldier Helmet
Top Hat
Waistcoat
Walking Dress
</description>
	<supportedVersions>
		<li>1.5</li>
	</supportedVersions>
	<modDependencies>
		<li>
			<packageId>sumghai.MousekinRace</packageId>
			<displayName>Mousekin Race</displayName>
			<steamWorkshopUrl>steam://url/CommunityFilePage/2494193063</steamWorkshopUrl>
			<downloadUrl>https://github.com/sumghai/MousekinRace/releases/latest</downloadUrl>
		</li>
	</modDependencies>
	<loadAfter>
		<li>sumghai.MousekinRace</li>
	</loadAfter>
</ModMetaData>