<?xml version="1.0" encoding="utf-8"?>
<Patch>
	<Operation Class="PatchOperationFindMod">
		<mods>
			<li>Mousekin Race</li>
		</mods>
		<match Class="PatchOperationSequence">
			<operations>
				
				<!-- Restrict mod apparel to only wearable by Mousekins -->
				
				<li Class="PatchOperationAdd">
					<xpath>Defs/AlienRace.ThingDef_AlienRace[defName="Mousekin"]/alienRace/raceRestriction/apparelList</xpath>
					<value>
						<!-- Body apparel -->
						<li>LisaMousekin_ApparelBpWaistCoat</li>
						<li>LisaMousekin_ApparelDressA</li>
						<li>LisaMousekin_ApparelDressB</li>
						<li>LisaMousekin_ApparelDressCoat</li>
						<li>LisaMousekin_ApparelFrockCoat</li>
						<li>LisaMousekin_ApparelHussarJacket</li>
						<li>LisaMousekin_ApparelMaidUniform</li>
						<li>LisaMousekin_ApparelRidingHabitDress</li>
						<li>LisaMousekin_ApparelSimpleDress</li>
						<li>LisaMousekin_ApparelSmokingJacket</li>
						<li>LisaMousekin_ApparelSoldierCoat</li>
						<li>LisaMousekin_ApparelWaistcoat</li>
						<li>LisaMousekin_ApparelWalkingDress</li>
						<!-- Headgear -->
						<li>LisaMousekin_ApparelBoatingHat</li>
						<li>LisaMousekin_ApparelFeatheredHat</li>
						<li>LisaMousekin_ApparelMaidHat</li>
						<li>LisaMousekin_ApparelMetalSoldierHelmet</li>
						<li>LisaMousekin_ApparelShakoHat</li>
						<li>LisaMousekin_ApparelSlouchHat</li>
						<li>LisaMousekin_ApparelSoldierHelmet</li>
						<li>LisaMousekin_ApparelTopHat</li>
						
						
					</value>
				</li>

			</operations>
		</match>
	</Operation>
</Patch>